Ref,Val,Package,PosX,PosY,Rot,Side
"Y5","Field_Sensor_54_22","Field_Sensor_54_22",-247.500000,68.500000,90.000000,bottom
"Y8","Field_Sensor_54_22","Field_Sensor_54_22",-222.500000,68.500000,90.000000,bottom
"Y11","Field_Sensor_54_22","Field_Sensor_54_22",-197.500000,68.500000,90.000000,bottom
"Y14","Field_Sensor_54_22","Field_Sensor_54_22",-172.500000,68.500000,90.000000,bottom
"Y17","Field_Sensor_54_22","Field_Sensor_54_22",-147.500000,68.500000,90.000000,bottom
"Y20","Field_Sensor_54_22","Field_Sensor_54_22",-122.500000,68.500000,90.000000,bottom
"Y23","Field_Sensor_54_22","Field_Sensor_54_22",-97.500000,68.500000,90.000000,bottom
"Y26","Field_Sensor_54_22","Field_Sensor_54_22",-72.500000,68.500000,90.000000,bottom
"Y29","Field_Sensor_54_22","Field_Sensor_54_22",-47.500000,68.500000,90.000000,bottom
"Y32","Field_Sensor_54_22","Field_Sensor_54_22",-22.500000,68.500000,90.000000,bottom
"C1","CC0603KPX7R9BB104","YAGEO-CC0603-0-0-0",103.500000,10.500000,0.000000,top
"C2","CC0603KPX7R9BB104","YAGEO-CC0603-0-0-0",103.500000,12.500000,0.000000,top
"C3","CC0603KPX7R9BB104","YAGEO-CC0603-0-0-0",124.500000,8.500000,0.000000,top
"C4","CC0805ZKY5V6BB106","YAGEO-CC0805-0-0-0",141.240000,15.700000,90.000000,top
"C5","CC0805ZKY5V6BB106","YAGEO-CC0805-0-0-0",105.500000,3.000000,0.000000,top
"C6","CGA3E2C0G1H060D080AA","TDK-CGA3E-0.3-0.1-0-0-IPC_A",86.000000,10.000000,90.000000,top
"C7","CC0603KPX7R9BB104","YAGEO-CC0603-0-0-0",114.500000,3.000000,0.000000,top
"C8","CGA3E2C0G1H060D080AA","TDK-CGA3E-0.3-0.1-0-0-IPC_A",93.000000,10.000000,270.000000,top
"C9","CC0603KPX7R9BB104","YAGEO-CC0603-0-0-0",173.500000,8.000000,270.000000,top
"C10","CC0603KPX7R9BB104","YAGEO-CC0603-0-0-0",171.500000,17.000000,90.000000,top
"C11","CC0805ZKY5V6BB106","YAGEO-CC0805-0-0-0",255.000000,35.500000,180.000000,top
"C12","CC0603KPX7R9BB104","YAGEO-CC0603-0-0-0",239.500000,43.000000,180.000000,top
"C13","CC0603KPX7R9BB104","YAGEO-CC0603-0-0-0",255.000000,37.500000,0.000000,top
"C14","CC0603MRX5R5BB225","YAGEO-CC0603-0-0-0",251.000000,49.000000,0.000000,top
"C15","CC0603MRX5R5BB225","YAGEO-CC0603-0-0-0",255.000000,51.500000,0.000000,top
"C16","CC0603KRX7R9BB103","YAGEO-CC0603-0-0-0",251.000000,47.000000,0.000000,top
"C17","CC0603KRX7R9BB103","YAGEO-CC0603-0-0-0",255.000000,53.500000,0.000000,top
"C18","CC0603MRX5R5BB225","YAGEO-CC0603-0-0-0",255.000000,59.500000,0.000000,top
"C19","CC0603MRX5R5BB225","YAGEO-CC0603-0-0-0",251.000000,60.500000,0.000000,top
"C20","CC0603KRX7R9BB103","YAGEO-CC0603-0-0-0",255.000000,61.500000,0.000000,top
"C21","CC0603KRX7R9BB103","YAGEO-CC0603-0-0-0",251.000000,62.500000,0.000000,top
"C22","CC0603MRX5R5BB225","YAGEO-CC0603-0-0-0",248.000000,60.500000,180.000000,top
"C23","CGA3E2C0G1H060D080AA","TDK-CGA3E-0.3-0.1-0-0-IPC_A",236.600000,37.500000,90.000000,top
"C24","CC0603KRX7R9BB103","YAGEO-CC0603-0-0-0",248.000000,62.500000,180.000000,top
"C25","CGA3E2C0G1H060D080AA","TDK-CGA3E-0.3-0.1-0-0-IPC_A",255.000000,57.500000,0.000000,top
"C26","CGA3E2C0G1H060D080AA","TDK-CGA3E-0.3-0.1-0-0-IPC_A",255.000000,55.500000,0.000000,top
"C27","CGA3E2C0G1H060D080AA","TDK-CGA3E-0.3-0.1-0-0-IPC_A",243.000000,37.500000,270.000000,top
"C28","CC0603KRX7R9BB103","YAGEO-CC0603-0-0-0",239.500000,45.000000,180.000000,top
"C29","CC0603KRX7R9BB103","YAGEO-CC0603-0-0-0",255.000000,39.500000,0.000000,top
"C30","CC0603KRX7R9BB102","YAGEO-CC0603-0-0-0",239.500000,51.000000,0.000000,top
"C31","CC0603KRX7R9BB102","YAGEO-CC0603-0-0-0",255.000000,45.500000,180.000000,top
"C32","CC0603MRX5R5BB225","YAGEO-CC0603-0-0-0",244.000000,47.000000,0.000000,top
"C33","CC0603KRX7R9BB103","YAGEO-CC0603-0-0-0",244.000000,49.000000,0.000000,top
"C34","C0603C209C5GACTU","KEMET-C0603C-CF-0-0-MFG",237.400000,64.000000,180.000000,top
"C35","C0603C209C5GACTU","KEMET-C0603C-CF-0-0-MFG",255.000000,66.500000,0.000000,top
"C36","CC0603KRX7R9BB102","YAGEO-CC0603-0-0-0",246.250000,65.500000,0.000000,top
"C37","CC0603KRX7R9BB102","YAGEO-CC0603-0-0-0",249.000000,65.500000,0.000000,top
"C38","CC0603KRX7R9BB181","YAGEO-CC0603-0-0-0",243.500000,66.000000,90.000000,top
"C39","CC0805ZKY5V6BB106","YAGEO-CC0805-0-0-0",230.000000,35.500000,180.000000,top
"C40","CC0603KPX7R9BB104","YAGEO-CC0603-0-0-0",214.500000,43.000000,180.000000,top
"C41","CC0603KPX7R9BB104","YAGEO-CC0603-0-0-0",230.000000,37.500000,0.000000,top
"C42","CC0603MRX5R5BB225","YAGEO-CC0603-0-0-0",226.000000,49.000000,0.000000,top
"C43","CC0603MRX5R5BB225","YAGEO-CC0603-0-0-0",230.000000,51.500000,0.000000,top
"C44","CC0603KRX7R9BB103","YAGEO-CC0603-0-0-0",226.000000,47.000000,0.000000,top
"C45","CC0603KRX7R9BB103","YAGEO-CC0603-0-0-0",230.000000,53.500000,0.000000,top
"C46","CC0603MRX5R5BB225","YAGEO-CC0603-0-0-0",230.000000,59.500000,0.000000,top
"C47","CC0603MRX5R5BB225","YAGEO-CC0603-0-0-0",226.000000,60.500000,0.000000,top
"C48","CC0603KRX7R9BB103","YAGEO-CC0603-0-0-0",230.000000,61.500000,0.000000,top
"C49","CC0603KRX7R9BB103","YAGEO-CC0603-0-0-0",226.000000,62.500000,0.000000,top
"C50","CC0603MRX5R5BB225","YAGEO-CC0603-0-0-0",223.000000,60.500000,180.000000,top
"C51","CGA3E2C0G1H060D080AA","TDK-CGA3E-0.3-0.1-0-0-IPC_A",211.600000,37.500000,90.000000,top
"C52","CC0603KRX7R9BB103","YAGEO-CC0603-0-0-0",223.000000,62.500000,180.000000,top
"C53","CGA3E2C0G1H060D080AA","TDK-CGA3E-0.3-0.1-0-0-IPC_A",230.000000,57.500000,0.000000,top
"C54","CGA3E2C0G1H060D080AA","TDK-CGA3E-0.3-0.1-0-0-IPC_A",230.000000,55.500000,0.000000,top
"C55","CGA3E2C0G1H060D080AA","TDK-CGA3E-0.3-0.1-0-0-IPC_A",218.000000,37.500000,270.000000,top
"C56","CC0603KRX7R9BB103","YAGEO-CC0603-0-0-0",214.500000,45.000000,180.000000,top
"C57","CC0603KRX7R9BB103","YAGEO-CC0603-0-0-0",230.000000,39.500000,0.000000,top
"C58","CC0603KRX7R9BB102","YAGEO-CC0603-0-0-0",214.500000,51.000000,0.000000,top
"C59","CC0603KRX7R9BB102","YAGEO-CC0603-0-0-0",230.000000,45.500000,180.000000,top
"C60","CC0603MRX5R5BB225","YAGEO-CC0603-0-0-0",219.000000,47.000000,0.000000,top
"C61","CC0603KRX7R9BB103","YAGEO-CC0603-0-0-0",219.000000,49.000000,0.000000,top
"C62","C0603C209C5GACTU","KEMET-C0603C-CF-0-0-MFG",212.400000,64.000000,180.000000,top
"C63","C0603C209C5GACTU","KEMET-C0603C-CF-0-0-MFG",230.000000,66.500000,0.000000,top
"C64","CC0603KRX7R9BB102","YAGEO-CC0603-0-0-0",221.250000,65.500000,0.000000,top
"C65","CC0603KRX7R9BB102","YAGEO-CC0603-0-0-0",224.000000,65.500000,0.000000,top
"C66","CC0603KRX7R9BB181","YAGEO-CC0603-0-0-0",218.500000,66.000000,90.000000,top
"C67","CC0805ZKY5V6BB106","YAGEO-CC0805-0-0-0",205.000000,35.500000,180.000000,top
"C68","CC0603KPX7R9BB104","YAGEO-CC0603-0-0-0",189.500000,43.000000,180.000000,top
"C69","CC0603KPX7R9BB104","YAGEO-CC0603-0-0-0",205.000000,37.500000,0.000000,top
"C70","CC0603MRX5R5BB225","YAGEO-CC0603-0-0-0",201.000000,49.000000,0.000000,top
"C71","CC0603MRX5R5BB225","YAGEO-CC0603-0-0-0",205.000000,51.500000,0.000000,top
"C72","CC0603KRX7R9BB103","YAGEO-CC0603-0-0-0",201.000000,47.000000,0.000000,top
"C73","CC0603KRX7R9BB103","YAGEO-CC0603-0-0-0",205.000000,53.500000,0.000000,top
"C74","CC0603MRX5R5BB225","YAGEO-CC0603-0-0-0",205.000000,59.500000,0.000000,top
"C75","CC0603MRX5R5BB225","YAGEO-CC0603-0-0-0",201.000000,60.500000,0.000000,top
"C76","CC0603KRX7R9BB103","YAGEO-CC0603-0-0-0",205.000000,61.500000,0.000000,top
"C77","CC0603KRX7R9BB103","YAGEO-CC0603-0-0-0",201.000000,62.500000,0.000000,top
"C78","CC0603MRX5R5BB225","YAGEO-CC0603-0-0-0",198.000000,60.500000,180.000000,top
"C79","CGA3E2C0G1H060D080AA","TDK-CGA3E-0.3-0.1-0-0-IPC_A",186.600000,37.500000,90.000000,top
"C80","CC0603KRX7R9BB103","YAGEO-CC0603-0-0-0",198.000000,62.500000,180.000000,top
"C81","CGA3E2C0G1H060D080AA","TDK-CGA3E-0.3-0.1-0-0-IPC_A",205.000000,57.500000,0.000000,top
"C82","CGA3E2C0G1H060D080AA","TDK-CGA3E-0.3-0.1-0-0-IPC_A",205.000000,55.500000,0.000000,top
"C83","CGA3E2C0G1H060D080AA","TDK-CGA3E-0.3-0.1-0-0-IPC_A",193.000000,37.500000,270.000000,top
"C84","CC0603KRX7R9BB103","YAGEO-CC0603-0-0-0",189.500000,45.000000,180.000000,top
"C85","CC0603KRX7R9BB103","YAGEO-CC0603-0-0-0",205.000000,39.500000,0.000000,top
"C86","CC0603KRX7R9BB102","YAGEO-CC0603-0-0-0",189.500000,51.000000,0.000000,top
"C87","CC0603KRX7R9BB102","YAGEO-CC0603-0-0-0",205.000000,45.500000,180.000000,top
"C88","CC0603MRX5R5BB225","YAGEO-CC0603-0-0-0",194.000000,47.000000,0.000000,top
"C89","CC0603KRX7R9BB103","YAGEO-CC0603-0-0-0",194.000000,49.000000,0.000000,top
"C90","C0603C209C5GACTU","KEMET-C0603C-CF-0-0-MFG",187.400000,64.000000,180.000000,top
"C91","C0603C209C5GACTU","KEMET-C0603C-CF-0-0-MFG",205.000000,66.500000,0.000000,top
"C92","CC0603KRX7R9BB102","YAGEO-CC0603-0-0-0",196.250000,65.500000,0.000000,top
"C93","CC0603KRX7R9BB102","YAGEO-CC0603-0-0-0",199.000000,65.500000,0.000000,top
"C94","CC0603KRX7R9BB181","YAGEO-CC0603-0-0-0",193.500000,66.000000,90.000000,top
"C95","CC0805ZKY5V6BB106","YAGEO-CC0805-0-0-0",180.000000,35.500000,180.000000,top
"C96","CC0603KPX7R9BB104","YAGEO-CC0603-0-0-0",164.500000,43.000000,180.000000,top
"C97","CC0603KPX7R9BB104","YAGEO-CC0603-0-0-0",180.000000,37.500000,0.000000,top
"C98","CC0603MRX5R5BB225","YAGEO-CC0603-0-0-0",176.000000,49.000000,0.000000,top
"C99","CC0603MRX5R5BB225","YAGEO-CC0603-0-0-0",180.000000,51.500000,0.000000,top
"C100","CC0603KRX7R9BB103","YAGEO-CC0603-0-0-0",176.000000,47.000000,0.000000,top
"C101","CC0603KRX7R9BB103","YAGEO-CC0603-0-0-0",180.000000,53.500000,0.000000,top
"C102","CC0603MRX5R5BB225","YAGEO-CC0603-0-0-0",180.000000,59.500000,0.000000,top
"C103","CC0603MRX5R5BB225","YAGEO-CC0603-0-0-0",176.000000,60.500000,0.000000,top
"C104","CC0603KRX7R9BB103","YAGEO-CC0603-0-0-0",180.000000,61.500000,0.000000,top
"C105","CC0603KRX7R9BB103","YAGEO-CC0603-0-0-0",176.000000,62.500000,0.000000,top
"C106","CC0603MRX5R5BB225","YAGEO-CC0603-0-0-0",173.000000,60.500000,180.000000,top
"C107","CGA3E2C0G1H060D080AA","TDK-CGA3E-0.3-0.1-0-0-IPC_A",161.600000,37.500000,90.000000,top
"C108","CC0603KRX7R9BB103","YAGEO-CC0603-0-0-0",173.000000,62.500000,180.000000,top
"C109","CGA3E2C0G1H060D080AA","TDK-CGA3E-0.3-0.1-0-0-IPC_A",180.000000,57.500000,0.000000,top
"C110","CGA3E2C0G1H060D080AA","TDK-CGA3E-0.3-0.1-0-0-IPC_A",180.000000,55.500000,0.000000,top
"C111","CGA3E2C0G1H060D080AA","TDK-CGA3E-0.3-0.1-0-0-IPC_A",168.000000,37.500000,270.000000,top
"C112","CC0603KRX7R9BB103","YAGEO-CC0603-0-0-0",164.500000,45.000000,180.000000,top
"C113","CC0603KRX7R9BB103","YAGEO-CC0603-0-0-0",180.000000,39.500000,0.000000,top
"C114","CC0603KRX7R9BB102","YAGEO-CC0603-0-0-0",164.500000,51.000000,0.000000,top
"C115","CC0603KRX7R9BB102","YAGEO-CC0603-0-0-0",180.000000,45.500000,180.000000,top
"C116","CC0603MRX5R5BB225","YAGEO-CC0603-0-0-0",169.000000,47.000000,0.000000,top
"C117","CC0603KRX7R9BB103","YAGEO-CC0603-0-0-0",169.000000,49.000000,0.000000,top
"C118","C0603C209C5GACTU","KEMET-C0603C-CF-0-0-MFG",162.400000,64.000000,180.000000,top
"C119","C0603C209C5GACTU","KEMET-C0603C-CF-0-0-MFG",180.000000,66.500000,0.000000,top
"C120","CC0603KRX7R9BB102","YAGEO-CC0603-0-0-0",171.250000,65.500000,0.000000,top
"C121","CC0603KRX7R9BB102","YAGEO-CC0603-0-0-0",174.000000,65.500000,0.000000,top
"C122","CC0603KRX7R9BB181","YAGEO-CC0603-0-0-0",168.500000,66.000000,90.000000,top
"C123","CC0805ZKY5V6BB106","YAGEO-CC0805-0-0-0",155.000000,35.500000,180.000000,top
"C124","CC0603KPX7R9BB104","YAGEO-CC0603-0-0-0",139.500000,43.000000,180.000000,top
"C125","CC0603KPX7R9BB104","YAGEO-CC0603-0-0-0",155.000000,37.500000,0.000000,top
"C126","CC0603MRX5R5BB225","YAGEO-CC0603-0-0-0",151.000000,49.000000,0.000000,top
"C127","CC0603MRX5R5BB225","YAGEO-CC0603-0-0-0",155.000000,51.500000,0.000000,top
"C128","CC0603KRX7R9BB103","YAGEO-CC0603-0-0-0",151.000000,47.000000,0.000000,top
"C129","CC0603KRX7R9BB103","YAGEO-CC0603-0-0-0",155.000000,53.500000,0.000000,top
"C130","CC0603MRX5R5BB225","YAGEO-CC0603-0-0-0",155.000000,59.500000,0.000000,top
"C131","CC0603MRX5R5BB225","YAGEO-CC0603-0-0-0",151.000000,60.500000,0.000000,top
"C132","CC0603KRX7R9BB103","YAGEO-CC0603-0-0-0",155.000000,61.500000,0.000000,top
"C133","CC0603KRX7R9BB103","YAGEO-CC0603-0-0-0",151.000000,62.500000,0.000000,top
"C134","CC0603MRX5R5BB225","YAGEO-CC0603-0-0-0",148.000000,60.500000,180.000000,top
"C135","CGA3E2C0G1H060D080AA","TDK-CGA3E-0.3-0.1-0-0-IPC_A",136.600000,37.500000,90.000000,top
"C136","CC0603KRX7R9BB103","YAGEO-CC0603-0-0-0",148.000000,62.500000,180.000000,top
"C137","CGA3E2C0G1H060D080AA","TDK-CGA3E-0.3-0.1-0-0-IPC_A",155.000000,57.500000,0.000000,top
"C138","CGA3E2C0G1H060D080AA","TDK-CGA3E-0.3-0.1-0-0-IPC_A",155.000000,55.500000,0.000000,top
"C139","CGA3E2C0G1H060D080AA","TDK-CGA3E-0.3-0.1-0-0-IPC_A",143.000000,37.500000,270.000000,top
"C140","CC0603KRX7R9BB103","YAGEO-CC0603-0-0-0",139.500000,45.000000,180.000000,top
"C141","CC0603KRX7R9BB103","YAGEO-CC0603-0-0-0",155.000000,39.500000,0.000000,top
"C142","CC0603KRX7R9BB102","YAGEO-CC0603-0-0-0",139.500000,51.000000,0.000000,top
"C143","CC0603KRX7R9BB102","YAGEO-CC0603-0-0-0",155.000000,45.500000,180.000000,top
"C144","CC0603MRX5R5BB225","YAGEO-CC0603-0-0-0",144.000000,47.000000,0.000000,top
"C145","CC0603KRX7R9BB103","YAGEO-CC0603-0-0-0",144.000000,49.000000,0.000000,top
"C146","C0603C209C5GACTU","KEMET-C0603C-CF-0-0-MFG",137.400000,64.000000,180.000000,top
"C147","C0603C209C5GACTU","KEMET-C0603C-CF-0-0-MFG",155.000000,66.500000,0.000000,top
"C148","CC0603KRX7R9BB102","YAGEO-CC0603-0-0-0",146.250000,65.500000,0.000000,top
"C149","CC0603KRX7R9BB102","YAGEO-CC0603-0-0-0",149.000000,65.500000,0.000000,top
"C150","CC0603KRX7R9BB181","YAGEO-CC0603-0-0-0",143.500000,66.000000,90.000000,top
"C151","CC0805ZKY5V6BB106","YAGEO-CC0805-0-0-0",130.000000,35.500000,180.000000,top
"C152","CC0603KPX7R9BB104","YAGEO-CC0603-0-0-0",114.500000,43.000000,180.000000,top
"C153","CC0603KPX7R9BB104","YAGEO-CC0603-0-0-0",130.000000,37.500000,0.000000,top
"C154","CC0603MRX5R5BB225","YAGEO-CC0603-0-0-0",126.000000,49.000000,0.000000,top
"C155","CC0603MRX5R5BB225","YAGEO-CC0603-0-0-0",130.000000,51.500000,0.000000,top
"C156","CC0603KRX7R9BB103","YAGEO-CC0603-0-0-0",126.000000,47.000000,0.000000,top
"C157","CC0603KRX7R9BB103","YAGEO-CC0603-0-0-0",130.000000,53.500000,0.000000,top
"C158","CC0603MRX5R5BB225","YAGEO-CC0603-0-0-0",130.000000,59.500000,0.000000,top
"C159","CC0603MRX5R5BB225","YAGEO-CC0603-0-0-0",126.000000,60.500000,0.000000,top
"C160","CC0603KRX7R9BB103","YAGEO-CC0603-0-0-0",130.000000,61.500000,0.000000,top
"C161","CC0603KRX7R9BB103","YAGEO-CC0603-0-0-0",126.000000,62.500000,0.000000,top
"C162","CC0603MRX5R5BB225","YAGEO-CC0603-0-0-0",123.000000,60.500000,180.000000,top
"C163","CGA3E2C0G1H060D080AA","TDK-CGA3E-0.3-0.1-0-0-IPC_A",111.600000,37.500000,90.000000,top
"C164","CC0603KRX7R9BB103","YAGEO-CC0603-0-0-0",123.000000,62.500000,180.000000,top
"C165","CGA3E2C0G1H060D080AA","TDK-CGA3E-0.3-0.1-0-0-IPC_A",130.000000,57.500000,0.000000,top
"C166","CGA3E2C0G1H060D080AA","TDK-CGA3E-0.3-0.1-0-0-IPC_A",130.000000,55.500000,0.000000,top
"C167","CGA3E2C0G1H060D080AA","TDK-CGA3E-0.3-0.1-0-0-IPC_A",118.000000,37.500000,270.000000,top
"C168","CC0603KRX7R9BB103","YAGEO-CC0603-0-0-0",114.500000,45.000000,180.000000,top
"C169","CC0603KRX7R9BB103","YAGEO-CC0603-0-0-0",130.000000,39.500000,0.000000,top
"C170","CC0603KRX7R9BB102","YAGEO-CC0603-0-0-0",114.500000,51.000000,0.000000,top
"C171","CC0603KRX7R9BB102","YAGEO-CC0603-0-0-0",130.000000,45.500000,180.000000,top
"C172","CC0603MRX5R5BB225","YAGEO-CC0603-0-0-0",119.000000,47.000000,0.000000,top
"C173","CC0603KRX7R9BB103","YAGEO-CC0603-0-0-0",119.000000,49.000000,0.000000,top
"C174","C0603C209C5GACTU","KEMET-C0603C-CF-0-0-MFG",112.400000,64.000000,180.000000,top
"C175","C0603C209C5GACTU","KEMET-C0603C-CF-0-0-MFG",130.000000,66.500000,0.000000,top
"C176","CC0603KRX7R9BB102","YAGEO-CC0603-0-0-0",121.250000,65.500000,0.000000,top
"C177","CC0603KRX7R9BB102","YAGEO-CC0603-0-0-0",124.000000,65.500000,0.000000,top
"C178","CC0603KRX7R9BB181","YAGEO-CC0603-0-0-0",118.500000,66.000000,90.000000,top
"C179","CC0805ZKY5V6BB106","YAGEO-CC0805-0-0-0",105.000000,35.500000,180.000000,top
"C180","CC0603KPX7R9BB104","YAGEO-CC0603-0-0-0",89.500000,43.000000,180.000000,top
"C181","CC0603KPX7R9BB104","YAGEO-CC0603-0-0-0",105.000000,37.500000,0.000000,top
"C182","CC0603MRX5R5BB225","YAGEO-CC0603-0-0-0",101.000000,49.000000,0.000000,top
"C183","CC0603MRX5R5BB225","YAGEO-CC0603-0-0-0",105.000000,51.500000,0.000000,top
"C184","CC0603KRX7R9BB103","YAGEO-CC0603-0-0-0",101.000000,47.000000,0.000000,top
"C185","CC0603KRX7R9BB103","YAGEO-CC0603-0-0-0",105.000000,53.500000,0.000000,top
"C186","CC0603MRX5R5BB225","YAGEO-CC0603-0-0-0",105.000000,59.500000,0.000000,top
"C187","CC0603MRX5R5BB225","YAGEO-CC0603-0-0-0",101.000000,60.500000,0.000000,top
"C188","CC0603KRX7R9BB103","YAGEO-CC0603-0-0-0",105.000000,61.500000,0.000000,top
"C189","CC0603KRX7R9BB103","YAGEO-CC0603-0-0-0",101.000000,62.500000,0.000000,top
"C190","CC0603MRX5R5BB225","YAGEO-CC0603-0-0-0",98.000000,60.500000,180.000000,top
"C191","CGA3E2C0G1H060D080AA","TDK-CGA3E-0.3-0.1-0-0-IPC_A",86.600000,37.500000,90.000000,top
"C192","CC0603KRX7R9BB103","YAGEO-CC0603-0-0-0",98.000000,62.500000,180.000000,top
"C193","CGA3E2C0G1H060D080AA","TDK-CGA3E-0.3-0.1-0-0-IPC_A",105.000000,57.500000,0.000000,top
"C194","CGA3E2C0G1H060D080AA","TDK-CGA3E-0.3-0.1-0-0-IPC_A",105.000000,55.500000,0.000000,top
"C195","CGA3E2C0G1H060D080AA","TDK-CGA3E-0.3-0.1-0-0-IPC_A",93.000000,37.500000,270.000000,top
"C196","CC0603KRX7R9BB103","YAGEO-CC0603-0-0-0",89.500000,45.000000,180.000000,top
"C197","CC0603KRX7R9BB103","YAGEO-CC0603-0-0-0",105.000000,39.500000,0.000000,top
"C198","CC0603KRX7R9BB102","YAGEO-CC0603-0-0-0",89.500000,51.000000,0.000000,top
"C199","CC0603KRX7R9BB102","YAGEO-CC0603-0-0-0",105.000000,45.500000,180.000000,top
"C200","CC0603MRX5R5BB225","YAGEO-CC0603-0-0-0",94.000000,47.000000,0.000000,top
"C201","CC0603KRX7R9BB103","YAGEO-CC0603-0-0-0",94.000000,49.000000,0.000000,top
"C202","C0603C209C5GACTU","KEMET-C0603C-CF-0-0-MFG",87.400000,64.000000,180.000000,top
"C203","C0603C209C5GACTU","KEMET-C0603C-CF-0-0-MFG",105.000000,66.500000,0.000000,top
"C204","CC0603KRX7R9BB102","YAGEO-CC0603-0-0-0",96.250000,65.500000,0.000000,top
"C205","CC0603KRX7R9BB102","YAGEO-CC0603-0-0-0",99.000000,65.500000,0.000000,top
"C206","CC0603KRX7R9BB181","YAGEO-CC0603-0-0-0",93.500000,66.000000,90.000000,top
"C207","CC0805ZKY5V6BB106","YAGEO-CC0805-0-0-0",80.000000,35.500000,180.000000,top
"C208","CC0603KPX7R9BB104","YAGEO-CC0603-0-0-0",64.500000,43.000000,180.000000,top
"C209","CC0603KPX7R9BB104","YAGEO-CC0603-0-0-0",80.000000,37.500000,0.000000,top
"C210","CC0603MRX5R5BB225","YAGEO-CC0603-0-0-0",76.000000,49.000000,0.000000,top
"C211","CC0603MRX5R5BB225","YAGEO-CC0603-0-0-0",80.000000,51.500000,0.000000,top
"C212","CC0603KRX7R9BB103","YAGEO-CC0603-0-0-0",76.000000,47.000000,0.000000,top
"C213","CC0603KRX7R9BB103","YAGEO-CC0603-0-0-0",80.000000,53.500000,0.000000,top
"C214","CC0603MRX5R5BB225","YAGEO-CC0603-0-0-0",80.000000,59.500000,0.000000,top
"C215","CC0603MRX5R5BB225","YAGEO-CC0603-0-0-0",76.000000,60.500000,0.000000,top
"C216","CC0603KRX7R9BB103","YAGEO-CC0603-0-0-0",80.000000,61.500000,0.000000,top
"C217","CC0603KRX7R9BB103","YAGEO-CC0603-0-0-0",76.000000,62.500000,0.000000,top
"C218","CC0603MRX5R5BB225","YAGEO-CC0603-0-0-0",73.000000,60.500000,180.000000,top
"C219","CGA3E2C0G1H060D080AA","TDK-CGA3E-0.3-0.1-0-0-IPC_A",61.600000,37.500000,90.000000,top
"C220","CC0603KRX7R9BB103","YAGEO-CC0603-0-0-0",73.000000,62.500000,180.000000,top
"C221","CGA3E2C0G1H060D080AA","TDK-CGA3E-0.3-0.1-0-0-IPC_A",80.000000,57.500000,0.000000,top
"C222","CGA3E2C0G1H060D080AA","TDK-CGA3E-0.3-0.1-0-0-IPC_A",80.000000,55.500000,0.000000,top
"C223","CGA3E2C0G1H060D080AA","TDK-CGA3E-0.3-0.1-0-0-IPC_A",68.000000,37.500000,270.000000,top
"C224","CC0603KRX7R9BB103","YAGEO-CC0603-0-0-0",64.500000,45.000000,180.000000,top
"C225","CC0603KRX7R9BB103","YAGEO-CC0603-0-0-0",80.000000,39.500000,0.000000,top
"C226","CC0603KRX7R9BB102","YAGEO-CC0603-0-0-0",64.500000,51.000000,0.000000,top
"C227","CC0603KRX7R9BB102","YAGEO-CC0603-0-0-0",80.000000,45.500000,180.000000,top
"C228","CC0603MRX5R5BB225","YAGEO-CC0603-0-0-0",69.000000,47.000000,0.000000,top
"C229","CC0603KRX7R9BB103","YAGEO-CC0603-0-0-0",69.000000,49.000000,0.000000,top
"C230","C0603C209C5GACTU","KEMET-C0603C-CF-0-0-MFG",62.400000,64.000000,180.000000,top
"C231","C0603C209C5GACTU","KEMET-C0603C-CF-0-0-MFG",80.000000,66.500000,0.000000,top
"C232","CC0603KRX7R9BB102","YAGEO-CC0603-0-0-0",71.250000,65.500000,0.000000,top
"C233","CC0603KRX7R9BB102","YAGEO-CC0603-0-0-0",74.000000,65.500000,0.000000,top
"C234","CC0603KRX7R9BB181","YAGEO-CC0603-0-0-0",68.500000,66.000000,90.000000,top
"C235","CC0805ZKY5V6BB106","YAGEO-CC0805-0-0-0",55.000000,35.500000,180.000000,top
"C236","CC0603KPX7R9BB104","YAGEO-CC0603-0-0-0",39.500000,43.000000,180.000000,top
"C237","CC0603KPX7R9BB104","YAGEO-CC0603-0-0-0",55.000000,37.500000,0.000000,top
"C238","CC0603MRX5R5BB225","YAGEO-CC0603-0-0-0",51.000000,49.000000,0.000000,top
"C239","CC0603MRX5R5BB225","YAGEO-CC0603-0-0-0",55.000000,51.500000,0.000000,top
"C240","CC0603KRX7R9BB103","YAGEO-CC0603-0-0-0",51.000000,47.000000,0.000000,top
"C241","CC0603KRX7R9BB103","YAGEO-CC0603-0-0-0",55.000000,53.500000,0.000000,top
"C242","CC0603MRX5R5BB225","YAGEO-CC0603-0-0-0",55.000000,59.500000,0.000000,top
"C243","CC0603MRX5R5BB225","YAGEO-CC0603-0-0-0",51.000000,60.500000,0.000000,top
"C244","CC0603KRX7R9BB103","YAGEO-CC0603-0-0-0",55.000000,61.500000,0.000000,top
"C245","CC0603KRX7R9BB103","YAGEO-CC0603-0-0-0",51.000000,62.500000,0.000000,top
"C246","CC0603MRX5R5BB225","YAGEO-CC0603-0-0-0",48.000000,60.500000,180.000000,top
"C247","CGA3E2C0G1H060D080AA","TDK-CGA3E-0.3-0.1-0-0-IPC_A",36.600000,37.500000,90.000000,top
"C248","CC0603KRX7R9BB103","YAGEO-CC0603-0-0-0",48.000000,62.500000,180.000000,top
"C249","CGA3E2C0G1H060D080AA","TDK-CGA3E-0.3-0.1-0-0-IPC_A",55.000000,57.500000,0.000000,top
"C250","CGA3E2C0G1H060D080AA","TDK-CGA3E-0.3-0.1-0-0-IPC_A",55.000000,55.500000,0.000000,top
"C251","CGA3E2C0G1H060D080AA","TDK-CGA3E-0.3-0.1-0-0-IPC_A",43.000000,37.500000,270.000000,top
"C252","CC0603KRX7R9BB103","YAGEO-CC0603-0-0-0",39.500000,45.000000,180.000000,top
"C253","CC0603KRX7R9BB103","YAGEO-CC0603-0-0-0",55.000000,39.500000,0.000000,top
"C254","CC0603KRX7R9BB102","YAGEO-CC0603-0-0-0",39.500000,51.000000,0.000000,top
"C255","CC0603KRX7R9BB102","YAGEO-CC0603-0-0-0",55.000000,45.500000,180.000000,top
"C256","CC0603MRX5R5BB225","YAGEO-CC0603-0-0-0",44.000000,47.000000,0.000000,top
"C257","CC0603KRX7R9BB103","YAGEO-CC0603-0-0-0",44.000000,49.000000,0.000000,top
"C258","C0603C209C5GACTU","KEMET-C0603C-CF-0-0-MFG",37.400000,64.000000,180.000000,top
"C259","C0603C209C5GACTU","KEMET-C0603C-CF-0-0-MFG",55.000000,66.500000,0.000000,top
"C260","CC0603KRX7R9BB102","YAGEO-CC0603-0-0-0",46.250000,65.500000,0.000000,top
"C261","CC0603KRX7R9BB102","YAGEO-CC0603-0-0-0",49.000000,65.500000,0.000000,top
"C262","CC0603KRX7R9BB181","YAGEO-CC0603-0-0-0",43.500000,66.000000,90.000000,top
"C263","CC0805ZKY5V6BB106","YAGEO-CC0805-0-0-0",30.000000,35.500000,180.000000,top
"C264","CC0603KPX7R9BB104","YAGEO-CC0603-0-0-0",14.500000,43.000000,180.000000,top
"C265","CC0603KPX7R9BB104","YAGEO-CC0603-0-0-0",30.000000,37.500000,0.000000,top
"C266","CC0603MRX5R5BB225","YAGEO-CC0603-0-0-0",26.000000,49.000000,0.000000,top
"C267","CC0603MRX5R5BB225","YAGEO-CC0603-0-0-0",30.000000,51.500000,0.000000,top
"C268","CC0603KRX7R9BB103","YAGEO-CC0603-0-0-0",26.000000,47.000000,0.000000,top
"C269","CC0603KRX7R9BB103","YAGEO-CC0603-0-0-0",30.000000,53.500000,0.000000,top
"C270","CC0603MRX5R5BB225","YAGEO-CC0603-0-0-0",30.000000,59.500000,0.000000,top
"C271","CC0603MRX5R5BB225","YAGEO-CC0603-0-0-0",26.000000,60.500000,0.000000,top
"C272","CC0603KRX7R9BB103","YAGEO-CC0603-0-0-0",30.000000,61.500000,0.000000,top
"C273","CC0603KRX7R9BB103","YAGEO-CC0603-0-0-0",26.000000,62.500000,0.000000,top
"C274","CC0603MRX5R5BB225","YAGEO-CC0603-0-0-0",23.000000,60.500000,180.000000,top
"C275","CGA3E2C0G1H060D080AA","TDK-CGA3E-0.3-0.1-0-0-IPC_A",11.600000,37.500000,90.000000,top
"C276","CC0603KRX7R9BB103","YAGEO-CC0603-0-0-0",23.000000,62.500000,180.000000,top
"C277","CGA3E2C0G1H060D080AA","TDK-CGA3E-0.3-0.1-0-0-IPC_A",30.000000,57.500000,0.000000,top
"C278","CGA3E2C0G1H060D080AA","TDK-CGA3E-0.3-0.1-0-0-IPC_A",30.000000,55.500000,0.000000,top
"C279","CGA3E2C0G1H060D080AA","TDK-CGA3E-0.3-0.1-0-0-IPC_A",18.000000,37.500000,270.000000,top
"C280","CC0603KRX7R9BB103","YAGEO-CC0603-0-0-0",14.500000,45.000000,180.000000,top
"C281","CC0603KRX7R9BB103","YAGEO-CC0603-0-0-0",30.000000,39.500000,0.000000,top
"C282","CC0603KRX7R9BB102","YAGEO-CC0603-0-0-0",14.500000,51.000000,0.000000,top
"C283","CC0603KRX7R9BB102","YAGEO-CC0603-0-0-0",30.000000,45.500000,180.000000,top
"C284","CC0603MRX5R5BB225","YAGEO-CC0603-0-0-0",19.000000,47.000000,0.000000,top
"C285","CC0603KRX7R9BB103","YAGEO-CC0603-0-0-0",19.000000,49.000000,0.000000,top
"C286","C0603C209C5GACTU","KEMET-C0603C-CF-0-0-MFG",12.400000,64.000000,180.000000,top
"C287","C0603C209C5GACTU","KEMET-C0603C-CF-0-0-MFG",30.000000,66.500000,0.000000,top
"C288","CC0603KRX7R9BB102","YAGEO-CC0603-0-0-0",21.250000,65.500000,0.000000,top
"C289","CC0603KRX7R9BB102","YAGEO-CC0603-0-0-0",24.000000,65.500000,0.000000,top
"C290","CC0603KRX7R9BB181","YAGEO-CC0603-0-0-0",18.500000,66.000000,90.000000,top
"D1","BAT54T1G","On_Semiconductor-BAT54T1G-Manufacturer_Recommended",135.000000,21.000000,0.000000,top
"D2","BAT54T1G","On_Semiconductor-BAT54T1G-Manufacturer_Recommended",110.000000,3.000000,0.000000,top
"D3","LTST-C190TBKT","Vishay_Lite-On-LTST-C190TBKT-Manufacturer_Recommended",89.000000,3.000000,180.000000,top
"D4","LTST-C190KRKT","Lite-On-LTST-C190KRKT-MFG",89.000000,5.000000,0.000000,top
"D5","LTST-C190KGKT","Lite-On-LTST-C190KGKT-MFG",127.000000,18.500000,90.000000,top
"D6","LTST-C190KSKT","Lite-On-LTST-C190KSKT-MFG",129.000000,18.500000,90.000000,top
"D7","BAS40-7-F","Diodes_Inc.-SOT23-01_2017-0-MFG",239.500000,53.500000,270.000000,top
"D8","BAS40-7-F","Diodes_Inc.-SOT23-01_2017-0-MFG",255.000000,48.000000,270.000000,top
"D9","LTST-C190KSKT","Lite-On-LTST-C190KSKT-MFG",239.500000,59.500000,0.000000,top
"D10","LTST-C190KRKT","Lite-On-LTST-C190KRKT-MFG",247.500000,34.000000,0.000000,top
"D11","LTST-C190KGKT","Lite-On-LTST-C190KGKT-MFG",247.500000,31.000000,0.000000,top
"D12","LTST-C190TBKT","Vishay_Lite-On-LTST-C190TBKT-Manufacturer_Recommended",247.500000,28.000000,180.000000,top
"D13","BAS40-7-F","Diodes_Inc.-SOT23-01_2017-0-MFG",214.500000,53.500000,270.000000,top
"D14","BAS40-7-F","Diodes_Inc.-SOT23-01_2017-0-MFG",230.000000,48.000000,270.000000,top
"D15","LTST-C190KSKT","Lite-On-LTST-C190KSKT-MFG",214.500000,59.500000,0.000000,top
"D16","LTST-C190KRKT","Lite-On-LTST-C190KRKT-MFG",222.500000,34.000000,0.000000,top
"D17","LTST-C190KGKT","Lite-On-LTST-C190KGKT-MFG",222.500000,31.000000,0.000000,top
"D18","LTST-C190TBKT","Vishay_Lite-On-LTST-C190TBKT-Manufacturer_Recommended",222.500000,28.000000,180.000000,top
"D19","BAS40-7-F","Diodes_Inc.-SOT23-01_2017-0-MFG",189.500000,53.500000,270.000000,top
"D20","BAS40-7-F","Diodes_Inc.-SOT23-01_2017-0-MFG",205.000000,48.000000,270.000000,top
"D21","LTST-C190KSKT","Lite-On-LTST-C190KSKT-MFG",189.500000,59.500000,0.000000,top
"D22","LTST-C190KRKT","Lite-On-LTST-C190KRKT-MFG",197.500000,34.000000,0.000000,top
"D23","LTST-C190KGKT","Lite-On-LTST-C190KGKT-MFG",197.500000,31.000000,0.000000,top
"D24","LTST-C190TBKT","Vishay_Lite-On-LTST-C190TBKT-Manufacturer_Recommended",197.500000,28.000000,180.000000,top
"D25","BAS40-7-F","Diodes_Inc.-SOT23-01_2017-0-MFG",164.500000,53.500000,270.000000,top
"D26","BAS40-7-F","Diodes_Inc.-SOT23-01_2017-0-MFG",180.000000,48.000000,270.000000,top
"D27","LTST-C190KSKT","Lite-On-LTST-C190KSKT-MFG",164.500000,59.500000,0.000000,top
"D28","LTST-C190KRKT","Lite-On-LTST-C190KRKT-MFG",172.500000,34.000000,0.000000,top
"D29","LTST-C190KGKT","Lite-On-LTST-C190KGKT-MFG",172.500000,31.000000,0.000000,top
"D30","LTST-C190TBKT","Vishay_Lite-On-LTST-C190TBKT-Manufacturer_Recommended",172.500000,28.000000,180.000000,top
"D31","BAS40-7-F","Diodes_Inc.-SOT23-01_2017-0-MFG",139.500000,53.500000,270.000000,top
"D32","BAS40-7-F","Diodes_Inc.-SOT23-01_2017-0-MFG",155.000000,48.000000,270.000000,top
"D33","LTST-C190KSKT","Lite-On-LTST-C190KSKT-MFG",139.500000,59.500000,0.000000,top
"D34","LTST-C190KRKT","Lite-On-LTST-C190KRKT-MFG",147.500000,34.000000,0.000000,top
"D35","LTST-C190KGKT","Lite-On-LTST-C190KGKT-MFG",147.500000,31.000000,0.000000,top
"D36","LTST-C190TBKT","Vishay_Lite-On-LTST-C190TBKT-Manufacturer_Recommended",147.500000,28.000000,180.000000,top
"D37","BAS40-7-F","Diodes_Inc.-SOT23-01_2017-0-MFG",114.500000,53.500000,270.000000,top
"D38","BAS40-7-F","Diodes_Inc.-SOT23-01_2017-0-MFG",130.000000,48.000000,270.000000,top
"D39","LTST-C190KSKT","Lite-On-LTST-C190KSKT-MFG",114.500000,59.500000,0.000000,top
"D40","LTST-C190KRKT","Lite-On-LTST-C190KRKT-MFG",122.500000,34.000000,0.000000,top
"D41","LTST-C190KGKT","Lite-On-LTST-C190KGKT-MFG",122.500000,31.000000,0.000000,top
"D42","LTST-C190TBKT","Vishay_Lite-On-LTST-C190TBKT-Manufacturer_Recommended",122.500000,28.000000,180.000000,top
"D43","BAS40-7-F","Diodes_Inc.-SOT23-01_2017-0-MFG",89.500000,53.500000,270.000000,top
"D44","BAS40-7-F","Diodes_Inc.-SOT23-01_2017-0-MFG",105.000000,48.000000,270.000000,top
"D45","LTST-C190KSKT","Lite-On-LTST-C190KSKT-MFG",89.500000,59.500000,0.000000,top
"D46","LTST-C190KRKT","Lite-On-LTST-C190KRKT-MFG",97.500000,34.000000,0.000000,top
"D47","LTST-C190KGKT","Lite-On-LTST-C190KGKT-MFG",97.500000,31.000000,0.000000,top
"D48","LTST-C190TBKT","Vishay_Lite-On-LTST-C190TBKT-Manufacturer_Recommended",97.500000,28.000000,180.000000,top
"D49","BAS40-7-F","Diodes_Inc.-SOT23-01_2017-0-MFG",64.500000,53.500000,270.000000,top
"D50","BAS40-7-F","Diodes_Inc.-SOT23-01_2017-0-MFG",80.000000,48.000000,270.000000,top
"D51","LTST-C190KSKT","Lite-On-LTST-C190KSKT-MFG",64.500000,59.500000,0.000000,top
"D52","LTST-C190KRKT","Lite-On-LTST-C190KRKT-MFG",72.500000,34.000000,0.000000,top
"D53","LTST-C190KGKT","Lite-On-LTST-C190KGKT-MFG",72.500000,31.000000,0.000000,top
"D54","LTST-C190TBKT","Vishay_Lite-On-LTST-C190TBKT-Manufacturer_Recommended",72.500000,28.000000,180.000000,top
"D55","BAS40-7-F","Diodes_Inc.-SOT23-01_2017-0-MFG",39.500000,53.500000,270.000000,top
"D56","BAS40-7-F","Diodes_Inc.-SOT23-01_2017-0-MFG",55.000000,48.000000,270.000000,top
"D57","LTST-C190KSKT","Lite-On-LTST-C190KSKT-MFG",39.500000,59.500000,0.000000,top
"D58","LTST-C190KRKT","Lite-On-LTST-C190KRKT-MFG",47.500000,34.000000,0.000000,top
"D59","LTST-C190KGKT","Lite-On-LTST-C190KGKT-MFG",47.500000,31.000000,0.000000,top
"D60","LTST-C190TBKT","Vishay_Lite-On-LTST-C190TBKT-Manufacturer_Recommended",47.500000,28.000000,180.000000,top
"D61","BAS40-7-F","Diodes_Inc.-SOT23-01_2017-0-MFG",14.500000,53.500000,270.000000,top
"D62","BAS40-7-F","Diodes_Inc.-SOT23-01_2017-0-MFG",30.000000,48.000000,270.000000,top
"D63","LTST-C190KSKT","Lite-On-LTST-C190KSKT-MFG",14.500000,59.500000,0.000000,top
"D64","LTST-C190KRKT","Lite-On-LTST-C190KRKT-MFG",22.500000,34.000000,0.000000,top
"D65","LTST-C190KGKT","Lite-On-LTST-C190KGKT-MFG",22.500000,31.000000,0.000000,top
"D66","LTST-C190TBKT","Vishay_Lite-On-LTST-C190TBKT-Manufacturer_Recommended",22.500000,28.000000,180.000000,top
"L1","MLJ1608WR27JT000","INDC1608X95N",243.500000,61.500000,90.000000,top
"L2","MLJ1608WR27JT000","INDC1608X95N",245.500000,61.500000,90.000000,top
"L3","MLJ1608WR27JT000","INDC1608X95N",218.500000,61.500000,90.000000,top
"L4","MLJ1608WR27JT000","INDC1608X95N",220.500000,61.500000,90.000000,top
"L5","MLJ1608WR27JT000","INDC1608X95N",193.500000,61.500000,90.000000,top
"L6","MLJ1608WR27JT000","INDC1608X95N",195.500000,61.500000,90.000000,top
"L7","MLJ1608WR27JT000","INDC1608X95N",168.500000,61.500000,90.000000,top
"L8","MLJ1608WR27JT000","INDC1608X95N",170.500000,61.500000,90.000000,top
"L9","MLJ1608WR27JT000","INDC1608X95N",143.500000,61.500000,90.000000,top
"L10","MLJ1608WR27JT000","INDC1608X95N",145.500000,61.500000,90.000000,top
"L11","MLJ1608WR27JT000","INDC1608X95N",118.500000,61.500000,90.000000,top
"L12","MLJ1608WR27JT000","INDC1608X95N",120.500000,61.500000,90.000000,top
"L13","MLJ1608WR27JT000","INDC1608X95N",93.500000,61.500000,90.000000,top
"L14","MLJ1608WR27JT000","INDC1608X95N",95.500000,61.500000,90.000000,top
"L15","MLJ1608WR27JT000","INDC1608X95N",68.500000,61.500000,90.000000,top
"L16","MLJ1608WR27JT000","INDC1608X95N",70.500000,61.500000,90.000000,top
"L17","MLJ1608WR27JT000","INDC1608X95N",43.500000,61.500000,90.000000,top
"L18","MLJ1608WR27JT000","INDC1608X95N",45.500000,61.500000,90.000000,top
"L19","MLJ1608WR27JT000","INDC1608X95N",18.500000,61.500000,90.000000,top
"L20","MLJ1608WR27JT000","INDC1608X95N",20.500000,61.500000,90.000000,top
"Q1","BSS138","ON_Semiconductor-318-08-01_2018-AS-MFG",148.000000,16.000000,0.000000,top
"Q2","BSS138","ON_Semiconductor-318-08-01_2018-AS-MFG",148.000000,12.500000,0.000000,top
"Q3","BSS138","ON_Semiconductor-318-08-01_2018-AS-MFG",148.000000,9.000000,0.000000,top
"Q4","BSS138","ON_Semiconductor-318-08-01_2018-AS-MFG",176.500000,20.500000,180.000000,top
"Q5","BSS138","ON_Semiconductor-318-08-01_2018-AS-MFG",89.500000,20.500000,0.000000,top
"R1","RC0603FR-0710KL","Yageo-RC0603-0-0-IPC_A",97.000000,20.500000,270.000000,top
"R2","RC0603FR-071K65L","Yageo-RC0603-0-0-IPC_A",85.000000,3.000000,180.000000,top
"R3","RC0603FR-071K65L","Yageo-RC0603-0-0-IPC_A",85.000000,5.000000,180.000000,top
"R4","RC0603FR-071K65L","Yageo-RC0603-0-0-IPC_A",123.500000,18.500000,90.000000,top
"R5","RC0603FR-071K65L","Yageo-RC0603-0-0-IPC_A",117.500000,18.500000,90.000000,top
"R6","RC0603FR-07100RL","Yageo-RC0603-0-0-IPC_A",119.500000,18.500000,90.000000,top
"R7","RC0603FR-07100RL","Yageo-RC0603-0-0-IPC_A",121.500000,18.500000,90.000000,top
"R8","RC0603FR-071K65L","Yageo-RC0603-0-0-IPC_A",127.000000,14.000000,270.000000,top
"R9","RC0603FR-071K65L","Yageo-RC0603-0-0-IPC_A",129.000000,14.000000,270.000000,top
"R10","RC0603FR-0710KL","Yageo-RC0603-0-0-IPC_A",152.000000,16.000000,180.000000,top
"R11","RC0603FR-0710KL","Yageo-RC0603-0-0-IPC_A",152.000000,12.500000,180.000000,top
"R12","RC0603FR-0710KL","Yageo-RC0603-0-0-IPC_A",152.000000,9.000000,180.000000,top
"R13","RC0603FR-0710KL","Yageo-RC0603-0-0-IPC_A",145.000000,16.000000,270.000000,top
"R14","RC0603FR-0710KL","Yageo-RC0603-0-0-IPC_A",145.000000,12.500000,270.000000,top
"R15","RC0603FR-0710KL","Yageo-RC0603-0-0-IPC_A",145.000000,9.000000,270.000000,top
"R16","RL2512FK-070R1L","YAGEO-RL2512-02_2018-10-MFG",135.000000,17.850000,0.000000,top
"R17","RC0603FR-0710KL","Yageo-RC0603-0-0-IPC_A",179.500000,20.500000,90.000000,top
"R18","RC0603FR-0710KL","Yageo-RC0603-0-0-IPC_A",92.500000,20.500000,270.000000,top
"R19","RC0603FR-0710KL","Yageo-RC0603-0-0-IPC_A",86.500000,20.500000,270.000000,top
"R20","RC0603FR-0710KL","Yageo-RC0603-0-0-IPC_A",247.500000,49.000000,0.000000,top
"R21","RC0603FR-0710KL","Yageo-RC0603-0-0-IPC_A",247.500000,47.000000,0.000000,top
"R22","RC0603FR-0710KL","Yageo-RC0603-0-0-IPC_A",237.000000,29.000000,90.000000,top
"R23","RC0603FR-0710KL","Yageo-RC0603-0-0-IPC_A",239.500000,49.000000,180.000000,top
"R24","RC0603FR-0710KL","Yageo-RC0603-0-0-IPC_A",255.000000,43.500000,0.000000,top
"R25","RC0603FR-0710KL","Yageo-RC0603-0-0-IPC_A",239.500000,47.000000,180.000000,top
"R26","RC0603FR-0710KL","Yageo-RC0603-0-0-IPC_A",255.000000,41.500000,0.000000,top
"R27","RC0603FR-071K65L","Yageo-RC0603-0-0-IPC_A",239.500000,57.500000,0.000000,top
"R28","RC0603FR-071K65L","Yageo-RC0603-0-0-IPC_A",243.500000,34.000000,180.000000,top
"R29","RC0603FR-071K65L","Yageo-RC0603-0-0-IPC_A",243.500000,31.000000,180.000000,top
"R30","RC0603FR-071K65L","Yageo-RC0603-0-0-IPC_A",243.500000,28.000000,180.000000,top
"R31","RC0603FR-0710KL","Yageo-RC0603-0-0-IPC_A",222.500000,49.000000,0.000000,top
"R32","RC0603FR-0710KL","Yageo-RC0603-0-0-IPC_A",222.500000,47.000000,0.000000,top
"R33","RC0603FR-0710KL","Yageo-RC0603-0-0-IPC_A",212.000000,29.000000,90.000000,top
"R34","RC0603FR-0710KL","Yageo-RC0603-0-0-IPC_A",214.500000,49.000000,180.000000,top
"R35","RC0603FR-0710KL","Yageo-RC0603-0-0-IPC_A",230.000000,43.500000,0.000000,top
"R36","RC0603FR-0710KL","Yageo-RC0603-0-0-IPC_A",214.500000,47.000000,180.000000,top
"R37","RC0603FR-0710KL","Yageo-RC0603-0-0-IPC_A",230.000000,41.500000,0.000000,top
"R38","RC0603FR-071K65L","Yageo-RC0603-0-0-IPC_A",214.500000,57.500000,0.000000,top
"R39","RC0603FR-071K65L","Yageo-RC0603-0-0-IPC_A",218.500000,34.000000,180.000000,top
"R40","RC0603FR-071K65L","Yageo-RC0603-0-0-IPC_A",218.500000,31.000000,180.000000,top
"R41","RC0603FR-071K65L","Yageo-RC0603-0-0-IPC_A",218.500000,28.000000,180.000000,top
"R42","RC0603FR-0710KL","Yageo-RC0603-0-0-IPC_A",197.500000,49.000000,0.000000,top
"R43","RC0603FR-0710KL","Yageo-RC0603-0-0-IPC_A",197.500000,47.000000,0.000000,top
"R44","RC0603FR-0710KL","Yageo-RC0603-0-0-IPC_A",187.000000,29.000000,90.000000,top
"R45","RC0603FR-0710KL","Yageo-RC0603-0-0-IPC_A",189.500000,49.000000,180.000000,top
"R46","RC0603FR-0710KL","Yageo-RC0603-0-0-IPC_A",205.000000,43.500000,0.000000,top
"R47","RC0603FR-0710KL","Yageo-RC0603-0-0-IPC_A",189.500000,47.000000,180.000000,top
"R48","RC0603FR-0710KL","Yageo-RC0603-0-0-IPC_A",205.000000,41.500000,0.000000,top
"R49","RC0603FR-071K65L","Yageo-RC0603-0-0-IPC_A",189.500000,57.500000,0.000000,top
"R50","RC0603FR-071K65L","Yageo-RC0603-0-0-IPC_A",193.500000,34.000000,180.000000,top
"R51","RC0603FR-071K65L","Yageo-RC0603-0-0-IPC_A",193.500000,31.000000,180.000000,top
"R52","RC0603FR-071K65L","Yageo-RC0603-0-0-IPC_A",193.500000,28.000000,180.000000,top
"R53","RC0603FR-0710KL","Yageo-RC0603-0-0-IPC_A",172.500000,49.000000,0.000000,top
"R54","RC0603FR-0710KL","Yageo-RC0603-0-0-IPC_A",172.500000,47.000000,0.000000,top
"R55","RC0603FR-0710KL","Yageo-RC0603-0-0-IPC_A",162.000000,29.000000,90.000000,top
"R56","RC0603FR-0710KL","Yageo-RC0603-0-0-IPC_A",164.500000,49.000000,180.000000,top
"R57","RC0603FR-0710KL","Yageo-RC0603-0-0-IPC_A",180.000000,43.500000,0.000000,top
"R58","RC0603FR-0710KL","Yageo-RC0603-0-0-IPC_A",164.500000,47.000000,180.000000,top
"R59","RC0603FR-0710KL","Yageo-RC0603-0-0-IPC_A",180.000000,41.500000,0.000000,top
"R60","RC0603FR-071K65L","Yageo-RC0603-0-0-IPC_A",164.500000,57.500000,0.000000,top
"R61","RC0603FR-071K65L","Yageo-RC0603-0-0-IPC_A",168.500000,34.000000,180.000000,top
"R62","RC0603FR-071K65L","Yageo-RC0603-0-0-IPC_A",168.500000,31.000000,180.000000,top
"R63","RC0603FR-071K65L","Yageo-RC0603-0-0-IPC_A",168.500000,28.000000,180.000000,top
"R64","RC0603FR-0710KL","Yageo-RC0603-0-0-IPC_A",147.500000,49.000000,0.000000,top
"R65","RC0603FR-0710KL","Yageo-RC0603-0-0-IPC_A",147.500000,47.000000,0.000000,top
"R66","RC0603FR-0710KL","Yageo-RC0603-0-0-IPC_A",137.000000,29.000000,90.000000,top
"R67","RC0603FR-0710KL","Yageo-RC0603-0-0-IPC_A",139.500000,49.000000,180.000000,top
"R68","RC0603FR-0710KL","Yageo-RC0603-0-0-IPC_A",155.000000,43.500000,0.000000,top
"R69","RC0603FR-0710KL","Yageo-RC0603-0-0-IPC_A",139.500000,47.000000,180.000000,top
"R70","RC0603FR-0710KL","Yageo-RC0603-0-0-IPC_A",155.000000,41.500000,0.000000,top
"R71","RC0603FR-071K65L","Yageo-RC0603-0-0-IPC_A",139.500000,57.500000,0.000000,top
"R72","RC0603FR-071K65L","Yageo-RC0603-0-0-IPC_A",143.500000,34.000000,180.000000,top
"R73","RC0603FR-071K65L","Yageo-RC0603-0-0-IPC_A",143.500000,31.000000,180.000000,top
"R74","RC0603FR-071K65L","Yageo-RC0603-0-0-IPC_A",143.500000,28.000000,180.000000,top
"R75","RC0603FR-0710KL","Yageo-RC0603-0-0-IPC_A",122.500000,49.000000,0.000000,top
"R76","RC0603FR-0710KL","Yageo-RC0603-0-0-IPC_A",122.500000,47.000000,0.000000,top
"R77","RC0603FR-0710KL","Yageo-RC0603-0-0-IPC_A",112.000000,29.000000,90.000000,top
"R78","RC0603FR-0710KL","Yageo-RC0603-0-0-IPC_A",114.500000,49.000000,180.000000,top
"R79","RC0603FR-0710KL","Yageo-RC0603-0-0-IPC_A",130.000000,43.500000,0.000000,top
"R80","RC0603FR-0710KL","Yageo-RC0603-0-0-IPC_A",114.500000,47.000000,180.000000,top
"R81","RC0603FR-0710KL","Yageo-RC0603-0-0-IPC_A",130.000000,41.500000,0.000000,top
"R82","RC0603FR-071K65L","Yageo-RC0603-0-0-IPC_A",114.500000,57.500000,0.000000,top
"R83","RC0603FR-071K65L","Yageo-RC0603-0-0-IPC_A",118.500000,34.000000,180.000000,top
"R84","RC0603FR-071K65L","Yageo-RC0603-0-0-IPC_A",118.500000,31.000000,180.000000,top
"R85","RC0603FR-071K65L","Yageo-RC0603-0-0-IPC_A",118.500000,28.000000,180.000000,top
"R86","RC0603FR-0710KL","Yageo-RC0603-0-0-IPC_A",97.500000,49.000000,0.000000,top
"R87","RC0603FR-0710KL","Yageo-RC0603-0-0-IPC_A",97.500000,47.000000,0.000000,top
"R88","RC0603FR-0710KL","Yageo-RC0603-0-0-IPC_A",87.000000,29.000000,90.000000,top
"R89","RC0603FR-0710KL","Yageo-RC0603-0-0-IPC_A",89.500000,49.000000,180.000000,top
"R90","RC0603FR-0710KL","Yageo-RC0603-0-0-IPC_A",105.000000,43.500000,0.000000,top
"R91","RC0603FR-0710KL","Yageo-RC0603-0-0-IPC_A",89.500000,47.000000,180.000000,top
"R92","RC0603FR-0710KL","Yageo-RC0603-0-0-IPC_A",105.000000,41.500000,0.000000,top
"R93","RC0603FR-071K65L","Yageo-RC0603-0-0-IPC_A",89.500000,57.500000,0.000000,top
"R94","RC0603FR-071K65L","Yageo-RC0603-0-0-IPC_A",93.500000,34.000000,180.000000,top
"R95","RC0603FR-071K65L","Yageo-RC0603-0-0-IPC_A",93.500000,31.000000,180.000000,top
"R96","RC0603FR-071K65L","Yageo-RC0603-0-0-IPC_A",93.500000,28.000000,180.000000,top
"R97","RC0603FR-0710KL","Yageo-RC0603-0-0-IPC_A",72.500000,49.000000,0.000000,top
"R98","RC0603FR-0710KL","Yageo-RC0603-0-0-IPC_A",72.500000,47.000000,0.000000,top
"R99","RC0603FR-0710KL","Yageo-RC0603-0-0-IPC_A",62.000000,29.000000,90.000000,top
"R100","RC0603FR-0710KL","Yageo-RC0603-0-0-IPC_A",64.500000,49.000000,180.000000,top
"R101","RC0603FR-0710KL","Yageo-RC0603-0-0-IPC_A",80.000000,43.500000,0.000000,top
"R102","RC0603FR-0710KL","Yageo-RC0603-0-0-IPC_A",64.500000,47.000000,180.000000,top
"R103","RC0603FR-0710KL","Yageo-RC0603-0-0-IPC_A",80.000000,41.500000,0.000000,top
"R104","RC0603FR-071K65L","Yageo-RC0603-0-0-IPC_A",64.500000,57.500000,0.000000,top
"R105","RC0603FR-071K65L","Yageo-RC0603-0-0-IPC_A",68.500000,34.000000,180.000000,top
"R106","RC0603FR-071K65L","Yageo-RC0603-0-0-IPC_A",68.500000,31.000000,180.000000,top
"R107","RC0603FR-071K65L","Yageo-RC0603-0-0-IPC_A",68.500000,28.000000,180.000000,top
"R108","RC0603FR-0710KL","Yageo-RC0603-0-0-IPC_A",47.500000,49.000000,0.000000,top
"R109","RC0603FR-0710KL","Yageo-RC0603-0-0-IPC_A",47.500000,47.000000,0.000000,top
"R110","RC0603FR-0710KL","Yageo-RC0603-0-0-IPC_A",37.000000,29.000000,90.000000,top
"R111","RC0603FR-0710KL","Yageo-RC0603-0-0-IPC_A",39.500000,49.000000,180.000000,top
"R112","RC0603FR-0710KL","Yageo-RC0603-0-0-IPC_A",55.000000,43.500000,0.000000,top
"R113","RC0603FR-0710KL","Yageo-RC0603-0-0-IPC_A",39.500000,47.000000,180.000000,top
"R114","RC0603FR-0710KL","Yageo-RC0603-0-0-IPC_A",55.000000,41.500000,0.000000,top
"R115","RC0603FR-071K65L","Yageo-RC0603-0-0-IPC_A",39.500000,57.500000,0.000000,top
"R116","RC0603FR-071K65L","Yageo-RC0603-0-0-IPC_A",43.500000,34.000000,180.000000,top
"R117","RC0603FR-071K65L","Yageo-RC0603-0-0-IPC_A",43.500000,31.000000,180.000000,top
"R118","RC0603FR-071K65L","Yageo-RC0603-0-0-IPC_A",43.500000,28.000000,180.000000,top
"R119","RC0603FR-0710KL","Yageo-RC0603-0-0-IPC_A",22.500000,49.000000,0.000000,top
"R120","RC0603FR-0710KL","Yageo-RC0603-0-0-IPC_A",22.500000,47.000000,0.000000,top
"R121","RC0603FR-0710KL","Yageo-RC0603-0-0-IPC_A",12.000000,29.000000,90.000000,top
"R122","RC0603FR-0710KL","Yageo-RC0603-0-0-IPC_A",14.500000,49.000000,180.000000,top
"R123","RC0603FR-0710KL","Yageo-RC0603-0-0-IPC_A",30.000000,43.500000,0.000000,top
"R124","RC0603FR-0710KL","Yageo-RC0603-0-0-IPC_A",14.500000,47.000000,180.000000,top
"R125","RC0603FR-0710KL","Yageo-RC0603-0-0-IPC_A",30.000000,41.500000,0.000000,top
"R126","RC0603FR-071K65L","Yageo-RC0603-0-0-IPC_A",14.500000,57.500000,0.000000,top
"R127","RC0603FR-071K65L","Yageo-RC0603-0-0-IPC_A",18.500000,34.000000,180.000000,top
"R128","RC0603FR-071K65L","Yageo-RC0603-0-0-IPC_A",18.500000,31.000000,180.000000,top
"R129","RC0603FR-071K65L","Yageo-RC0603-0-0-IPC_A",18.500000,28.000000,180.000000,top
"SW1","FSM2JSMAA","TE_Connectivity-FSM2JSMAA-MFG",110.000000,12.500000,0.000000,top
"SW2","FSM2JSMAA","TE_Connectivity-FSM2JSMAA-MFG",160.000000,12.500000,0.000000,top
"U1","ATMEGA328P-MU","Microchip___Atmel-ATMEGA328P-MU-Level_A",97.500000,12.500000,0.000000,top
"U2","FT231XQ-R","FTDI-QFN-20-0-0-MFG",122.500000,12.500000,0.000000,top
"U3","Si5351A-B-GM","Silicon_Labs-Si5351A-B-GM-Level_A",172.500000,12.500000,0.000000,top
"U4","ATMEGA328P-MU","Microchip___Atmel-ATMEGA328P-MU-Level_A",247.500000,40.500000,0.000000,top
"U5","ST25R3916-AQWT","STMicroelectronics-VFQFPN32-B04R-0-1-IPC_A",247.500000,55.000000,180.000000,top
"U6","ATMEGA328P-MU","Microchip___Atmel-ATMEGA328P-MU-Level_A",222.500000,40.500000,0.000000,top
"U7","ST25R3916-AQWT","STMicroelectronics-VFQFPN32-B04R-0-1-IPC_A",222.500000,55.000000,180.000000,top
"U8","ATMEGA328P-MU","Microchip___Atmel-ATMEGA328P-MU-Level_A",197.500000,40.500000,0.000000,top
"U9","ST25R3916-AQWT","STMicroelectronics-VFQFPN32-B04R-0-1-IPC_A",197.500000,55.000000,180.000000,top
"U10","ATMEGA328P-MU","Microchip___Atmel-ATMEGA328P-MU-Level_A",172.500000,40.500000,0.000000,top
"U11","ST25R3916-AQWT","STMicroelectronics-VFQFPN32-B04R-0-1-IPC_A",172.500000,55.000000,180.000000,top
"U12","ATMEGA328P-MU","Microchip___Atmel-ATMEGA328P-MU-Level_A",147.500000,40.500000,0.000000,top
"U13","ST25R3916-AQWT","STMicroelectronics-VFQFPN32-B04R-0-1-IPC_A",147.500000,55.000000,180.000000,top
"U14","ATMEGA328P-MU","Microchip___Atmel-ATMEGA328P-MU-Level_A",122.500000,40.500000,0.000000,top
"U15","ST25R3916-AQWT","STMicroelectronics-VFQFPN32-B04R-0-1-IPC_A",122.500000,55.000000,180.000000,top
"U16","ATMEGA328P-MU","Microchip___Atmel-ATMEGA328P-MU-Level_A",97.500000,40.500000,0.000000,top
"U17","ST25R3916-AQWT","STMicroelectronics-VFQFPN32-B04R-0-1-IPC_A",97.500000,55.000000,180.000000,top
"U18","ATMEGA328P-MU","Microchip___Atmel-ATMEGA328P-MU-Level_A",72.500000,40.500000,0.000000,top
"U19","ST25R3916-AQWT","STMicroelectronics-VFQFPN32-B04R-0-1-IPC_A",72.500000,55.000000,180.000000,top
"U20","ATMEGA328P-MU","Microchip___Atmel-ATMEGA328P-MU-Level_A",47.500000,40.500000,0.000000,top
"U21","ST25R3916-AQWT","STMicroelectronics-VFQFPN32-B04R-0-1-IPC_A",47.500000,55.000000,180.000000,top
"U22","ATMEGA328P-MU","Microchip___Atmel-ATMEGA328P-MU-Level_A",22.500000,40.500000,0.000000,top
"U23","ST25R3916-AQWT","STMicroelectronics-VFQFPN32-B04R-0-1-IPC_A",22.500000,55.000000,180.000000,top
"U24","INA219AIDCNR","Texas_Instruments-DCN0008A-0-0-MFG",148.000000,4.500000,0.000000,top
"Y1","TSX-3225_16.0000MF09Z-AC3","Epson-TSX-3225_16.0000MF09Z-AC3-0",89.500000,10.000000,0.000000,top
"Y2","ABM8G-25.000MHz-B4Y-T","Abracon-ABM8G-25.000MHz-B4Y-T-0",166.500000,13.500000,0.000000,top
"Y3","TSX-3225_16.0000MF09Z-AC3","Epson-TSX-3225_16.0000MF09Z-AC3-0",239.800000,37.500000,0.000000,top
"Y6","TSX-3225_16.0000MF09Z-AC3","Epson-TSX-3225_16.0000MF09Z-AC3-0",214.800000,37.500000,0.000000,top
"Y9","TSX-3225_16.0000MF09Z-AC3","Epson-TSX-3225_16.0000MF09Z-AC3-0",189.800000,37.500000,0.000000,top
"Y12","TSX-3225_16.0000MF09Z-AC3","Epson-TSX-3225_16.0000MF09Z-AC3-0",164.800000,37.500000,0.000000,top
"Y15","TSX-3225_16.0000MF09Z-AC3","Epson-TSX-3225_16.0000MF09Z-AC3-0",139.800000,37.500000,0.000000,top
"Y18","TSX-3225_16.0000MF09Z-AC3","Epson-TSX-3225_16.0000MF09Z-AC3-0",114.800000,37.500000,0.000000,top
"Y21","TSX-3225_16.0000MF09Z-AC3","Epson-TSX-3225_16.0000MF09Z-AC3-0",89.800000,37.500000,0.000000,top
"Y24","TSX-3225_16.0000MF09Z-AC3","Epson-TSX-3225_16.0000MF09Z-AC3-0",64.800000,37.500000,0.000000,top
"Y27","TSX-3225_16.0000MF09Z-AC3","Epson-TSX-3225_16.0000MF09Z-AC3-0",39.800000,37.500000,0.000000,top
"Y30","TSX-3225_16.0000MF09Z-AC3","Epson-TSX-3225_16.0000MF09Z-AC3-0",14.800000,37.500000,0.000000,top
